{"cameraMode":{"drawMode":0,"name":"Shaded","section":"Shading Mode"},"sceneLighting":false,"audioPlay":false,"sceneViewState":{"showFog":true,"showMaterialUpdate":true,"showSkybox":true,"showFlares":true,"showImageEffects":true,"showParticleSystems":true},"in2DMode":false,"pivot":{"x":17.099090576171876,"y":-0.5174922943115234,"z":0.8432052135467529},"rotation":{"x":-0.399603933095932,"y":-0.27301108837127688,"z":0.1259806901216507,"w":-0.8659737706184387},"size":4.977174282073975,"orthographic":false}