{"cameraMode":{"drawMode":0,"name":"Shaded","section":"Shading Mode"},"sceneLighting":true,"audioPlay":false,"sceneViewState":{"showFog":true,"showMaterialUpdate":true,"showSkybox":true,"showFlares":true,"showImageEffects":true,"showParticleSystems":true},"in2DMode":false,"pivot":{"x":6.358997344970703,"y":-9.122309684753418,"z":11.518084526062012},"rotation":{"x":0.2762790322303772,"y":-0.27745068073272707,"z":0.08365223556756973,"w":0.916347861289978},"size":22.48305320739746,"orthographic":false}