{"cameraMode":{"drawMode":0,"name":"Shaded","section":"Shading Mode"},"sceneLighting":true,"audioPlay":false,"sceneViewState":{"showFog":true,"showMaterialUpdate":true,"showSkybox":true,"showFlares":true,"showImageEffects":true,"showParticleSystems":true},"in2DMode":false,"pivot":{"x":18.49897575378418,"y":17.123613357543947,"z":4.4536027908325199},"rotation":{"x":0.2844346761703491,"y":-0.6792581677436829,"z":0.32587188482284548,"w":0.5928851366043091},"size":1.7403393983840943,"orthographic":false}