{"cameraMode":{"drawMode":0,"name":"Shaded","section":"Shading Mode"},"sceneLighting":true,"audioPlay":false,"sceneViewState":{"showFog":true,"showMaterialUpdate":true,"showSkybox":true,"showFlares":true,"showImageEffects":true,"showParticleSystems":true},"in2DMode":false,"pivot":{"x":-7.077003479003906,"y":-1.8376500606536866,"z":-12.080032348632813},"rotation":{"x":-0.0706309974193573,"y":0.7919909358024597,"z":-0.09335669130086899,"w":-0.5992046594619751},"size":22.48305320739746,"orthographic":false}