{"cameraMode":{"drawMode":0,"name":"Shaded","section":"Shading Mode"},"sceneLighting":false,"audioPlay":false,"sceneViewState":{"showFog":true,"showMaterialUpdate":true,"showSkybox":true,"showFlares":true,"showImageEffects":true,"showParticleSystems":true},"in2DMode":false,"pivot":{"x":-4.99669075012207,"y":-3.7782816886901857,"z":6.430438041687012},"rotation":{"x":0.20296722650527955,"y":-0.3175900876522064,"z":0.06979143619537354,"w":0.9236178994178772},"size":9.509760856628418,"orthographic":false}