{"cameraMode":{"drawMode":0,"name":"Shaded","section":"Shading Mode"},"sceneLighting":false,"audioPlay":false,"sceneViewState":{"showFog":true,"showMaterialUpdate":true,"showSkybox":true,"showFlares":true,"showImageEffects":true,"showParticleSystems":true},"in2DMode":false,"pivot":{"x":-48.638126373291019,"y":-26.11107635498047,"z":31.35476303100586},"rotation":{"x":-0.18756933510303498,"y":0.4747546315193176,"z":-0.10432827472686768,"w":-0.8535463809967041},"size":69.79065704345703,"orthographic":false}