{"cameraMode":{"drawMode":0,"name":"Shaded","section":"Shading Mode"},"sceneLighting":true,"audioPlay":false,"sceneViewState":{"showFog":true,"showMaterialUpdate":true,"showSkybox":true,"showFlares":true,"showImageEffects":true,"showParticleSystems":true},"in2DMode":false,"pivot":{"x":9.647797584533692,"y":2.3589062690734865,"z":-8.241351127624512},"rotation":{"x":0.07124154269695282,"y":-0.9060972332954407,"z":0.16939835250377656,"w":0.3810732066631317},"size":4.675324440002441,"orthographic":false}