{"cameraMode":{"drawMode":0,"name":"Shaded","section":"Shading Mode"},"sceneLighting":true,"audioPlay":false,"sceneViewState":{"showFog":true,"showMaterialUpdate":true,"showSkybox":true,"showFlares":true,"showImageEffects":true,"showParticleSystems":true},"in2DMode":false,"pivot":{"x":-20.268098831176759,"y":13.431360244750977,"z":11.577431678771973},"rotation":{"x":0.1130126491189003,"y":0.8643972873687744,"z":-0.22425271570682527,"w":0.43561020493507388},"size":0.9478525519371033,"orthographic":false}