{"cameraMode":{"drawMode":0,"name":"Shaded","section":"Shading Mode"},"sceneLighting":false,"audioPlay":false,"sceneViewState":{"showFog":true,"showMaterialUpdate":true,"showSkybox":true,"showFlares":true,"showImageEffects":true,"showParticleSystems":true},"in2DMode":false,"pivot":{"x":15.625542640686036,"y":3.5510380268096926,"z":0.4543270468711853},"rotation":{"x":-0.17311550676822663,"y":0.6576092839241028,"z":-0.15905645489692689,"w":-0.7157388925552368},"size":0.5283358097076416,"orthographic":false}