{"cameraMode":{"drawMode":0,"name":"Shaded","section":"Shading Mode"},"sceneLighting":true,"audioPlay":false,"sceneViewState":{"showFog":true,"showMaterialUpdate":true,"showSkybox":true,"showFlares":true,"showImageEffects":true,"showParticleSystems":true},"in2DMode":false,"pivot":{"x":16.292041778564454,"y":3.243251323699951,"z":-4.039233684539795},"rotation":{"x":0.1472223401069641,"y":-0.5964229106903076,"z":0.11242975294589997,"w":0.7810025215148926},"size":3.018934726715088,"orthographic":false}