{"cameraMode":{"drawMode":0,"name":"Shaded","section":"Shading Mode"},"sceneLighting":false,"audioPlay":false,"sceneViewState":{"showFog":true,"showMaterialUpdate":true,"showSkybox":true,"showFlares":true,"showImageEffects":true,"showParticleSystems":true},"in2DMode":false,"pivot":{"x":18.93979835510254,"y":5.611665725708008,"z":-2.441922903060913},"rotation":{"x":-0.21955767273902894,"y":0.5424506664276123,"z":-0.14943481981754304,"w":-0.7970012426376343},"size":0.5283358097076416,"orthographic":false}