{"cameraMode":{"drawMode":0,"name":"Shaded","section":"Shading Mode"},"sceneLighting":false,"audioPlay":false,"sceneViewState":{"showFog":true,"showMaterialUpdate":true,"showSkybox":true,"showFlares":true,"showImageEffects":true,"showParticleSystems":true},"in2DMode":false,"pivot":{"x":1.1557221412658692,"y":0.12261627614498139,"z":1.3340399265289307},"rotation":{"x":-0.20174390077590943,"y":0.33333051204681399,"z":-0.07324996590614319,"w":-0.9180548787117004},"size":4.568732738494873,"orthographic":false}