{"cameraMode":{"drawMode":0,"name":"Shaded","section":"Shading Mode"},"sceneLighting":true,"audioPlay":false,"sceneViewState":{"showFog":true,"showMaterialUpdate":true,"showSkybox":true,"showFlares":true,"showImageEffects":true,"showParticleSystems":true},"in2DMode":false,"pivot":{"x":10.250995635986329,"y":3.099198579788208,"z":0.38022059202194216},"rotation":{"x":-0.22680915892124177,"y":0.36910852789878847,"z":-0.09338971972465515,"w":-0.8964346051216126},"size":17.07485008239746,"orthographic":false}