{"cameraMode":{"drawMode":0,"name":"Shaded","section":"Shading Mode"},"sceneLighting":true,"audioPlay":false,"sceneViewState":{"showFog":true,"showMaterialUpdate":true,"showSkybox":true,"showFlares":true,"showImageEffects":true,"showParticleSystems":true},"in2DMode":false,"pivot":{"x":16.151805877685548,"y":-1.026995301246643,"z":4.49973726272583},"rotation":{"x":-0.21151655912399293,"y":-0.04045414924621582,"z":0.008762026205658913,"w":-0.9764975309371948},"size":17.07485008239746,"orthographic":false}