{"cameraMode":{"drawMode":0,"name":"Shaded","section":"Shading Mode"},"sceneLighting":true,"audioPlay":false,"sceneViewState":{"showFog":true,"showMaterialUpdate":true,"showSkybox":true,"showFlares":true,"showImageEffects":true,"showParticleSystems":true},"in2DMode":false,"pivot":{"x":7.595340251922607,"y":-2.9123151302337648,"z":1.4616178274154664},"rotation":{"x":-0.2439223825931549,"y":0.5950584411621094,"z":-0.19608251750469209,"w":-0.7402425408363342},"size":17.07485008239746,"orthographic":false}