{"cameraMode":{"drawMode":0,"name":"Shaded","section":"Shading Mode"},"sceneLighting":false,"audioPlay":false,"sceneViewState":{"showFog":true,"showMaterialUpdate":true,"showSkybox":true,"showFlares":true,"showImageEffects":true,"showParticleSystems":true},"in2DMode":false,"pivot":{"x":-52.60832977294922,"y":-17.57993507385254,"z":34.617881774902347},"rotation":{"x":-0.11465439200401306,"y":0.47280561923980715,"z":-0.06220465153455734,"w":-0.8714584708213806},"size":69.79065704345703,"orthographic":false}