{"cameraMode":{"drawMode":0,"name":"Shaded","section":"Shading Mode"},"sceneLighting":true,"audioPlay":false,"sceneViewState":{"showFog":true,"showMaterialUpdate":true,"showSkybox":true,"showFlares":true,"showImageEffects":true,"showParticleSystems":true},"in2DMode":false,"pivot":{"x":18.928377151489259,"y":9.10881519317627,"z":-13.330583572387696},"rotation":{"x":0.23021772503852845,"y":-0.40863239765167239,"z":0.10731244087219238,"w":0.8766433000564575},"size":1.7403393983840943,"orthographic":false}