{"cameraMode":{"drawMode":0,"name":"Shaded","section":"Shading Mode"},"sceneLighting":false,"audioPlay":false,"sceneViewState":{"showFog":true,"showMaterialUpdate":true,"showSkybox":true,"showFlares":true,"showImageEffects":true,"showParticleSystems":true},"in2DMode":false,"pivot":{"x":15.123333930969239,"y":2.4983646869659426,"z":0.7328814268112183},"rotation":{"x":-0.1373734325170517,"y":0.73639976978302,"z":-0.15719878673553468,"w":-0.6435313820838928},"size":4.506218910217285,"orthographic":false}