{"cameraMode":{"drawMode":0,"name":"Shaded","section":"Shading Mode"},"sceneLighting":true,"audioPlay":false,"sceneViewState":{"showFog":true,"showMaterialUpdate":true,"showSkybox":true,"showFlares":true,"showImageEffects":true,"showParticleSystems":true},"in2DMode":false,"pivot":{"x":12.41821575164795,"y":4.217620372772217,"z":5.318678855895996},"rotation":{"x":0.2943914830684662,"y":-0.6460760235786438,"z":0.29811984300613406,"w":0.6380000114440918},"size":3.018934726715088,"orthographic":false}