{"cameraMode":{"drawMode":0,"name":"Shaded","section":"Shading Mode"},"sceneLighting":true,"audioPlay":false,"sceneViewState":{"showFog":true,"showMaterialUpdate":true,"showSkybox":true,"showFlares":true,"showImageEffects":true,"showParticleSystems":true},"in2DMode":false,"pivot":{"x":14.548605918884278,"y":2.5717132091522219,"z":-2.915567398071289},"rotation":{"x":0.2297578901052475,"y":-0.08860590308904648,"z":0.02100997231900692,"w":0.9689783453941345},"size":1.7403393983840943,"orthographic":false}